"Protein","Gestation"
0.3800000000000001,11
0.58,12
0.51,13
0.3800000000000001,15
0.58,17
0.67,18
0.8400000000000001,19
0.5600000000000001,21
0.78,22
0.8600000000000001,25
0.6500000000000001,27
0.7400000000000001,28
0.8300000000000001,29
0.99,30
0.8400000000000001,31
1.04,33
0.92,34
1.18,35
0.92,36
