"Energy","Ration","Group"
44.26,81.34999999999999,1
67.16,91.68000000000001,1
48.15,58,1
34.53,58.63,1
67.93000000000001,91.93000000000001,1
72.45,96.56,1
53.47,85.38,1
76.59999999999999,98.5,1
54.03,67.54000000000001,1
38.07,66.87000000000001,1
40.59,48.96,2
87.63,69.09,2
48.84,61.31,2
83.40000000000001,81.45,2
32.27,48.77,2
40.96,53.3,2
43.93,60.32,2
57.3,68.42,2
71.01000000000001,81.76000000000001,2
50.85,54.91,2
